{
  "forward_pass": {
    "sizes": [
      32,
      64,
      128,
      256,
      512,
      1024
    ],
    "fractional_times": [
      0.043201637268066403,
      0.019426417350769044,
      0.021020936965942382,
      0.019683146476745607,
      0.02001006603240967,
      0.02004420757293701
    ],
    "standard_times": [
      0.0017804384231567382,
      0.0001636028289794922,
      0.00019114017486572267,
      0.0001355886459350586,
      0.00013294219970703126,
      0.00017249584197998047
    ],
    "speedup_ratios": [
      0.041212290453463786,
      0.008421667568725201,
      0.009092847534598643,
      0.006888565610952904,
      0.006643766167073561,
      0.008605770088555575
    ]
  },
  "backward_pass": {
    "sizes": [
      32,
      64,
      128,
      256,
      512,
      1024
    ],
    "fractional_grad_times": [
      0.020431041717529297,
      0.016477274894714355,
      0.016467070579528807,
      0.01674933433532715,
      0.016489052772521974,
      0.016620349884033204
    ],
    "standard_grad_times": [
      0.00015506744384765624,
      0.00016171932220458983,
      0.00014462471008300782,
      0.00016450881958007812,
      0.00015113353729248046,
      0.0001666545867919922
    ],
    "grad_speedup_ratios": [
      0.007589796251779588,
      0.009814688608276287,
      0.0087826616995739,
      0.009821812394842552,
      0.009165689465457684,
      0.010027140701297359
    ]
  },
  "memory_usage": {
    "sizes": [
      32,
      64,
      128,
      256,
      512,
      1024
    ],
    "fractional_memory": [
      13.86328125,
      0.0,
      0.0,
      0.0,
      0.125,
      0.1328125
    ],
    "standard_memory": [
      0.0,
      0.0,
      0.0,
      0.0,
      0.0,
      0.0
    ],
    "memory_ratios": [
      Infinity,
      Infinity,
      Infinity,
      Infinity,
      Infinity,
      Infinity
    ]
  },
  "accuracy": {
    "orders": [
      0.1,
      0.3,
      0.5,
      0.7,
      0.9
    ],
    "analytical_grads": [
      1.0944780361554067,
      1.2947616535572535,
      1.5045055561273502,
      1.714219243918926,
      1.9111581929305048
    ],
    "numerical_grads": [
      0.0,
      0.0,
      0.0,
      0.0,
      0.0
    ],
    "errors": [
      1.0,
      1.0,
      1.0,
      1.0,
      1.0
    ]
  },
  "scalability": {
    "sizes": [
      32,
      64,
      128,
      256,
      512,
      1024
    ],
    "fractional_times": [
      0.036773395538330075,
      0.03405971527099609,
      0.033841705322265624,
      0.03399505615234375,
      0.03621096611022949,
      0.03517208099365234
    ],
    "standard_times": [
      0.00012979507446289062,
      0.00011796951293945313,
      9.946823120117187e-05,
      9.207725524902343e-05,
      0.00012006759643554688,
      8.978843688964844e-05
    ],
    "efficiency": [
      0.003529591775869626,
      0.0034636083126599504,
      0.002939220416168812,
      0.002708548408815476,
      0.0033157799786410046,
      0.002552832654566358
    ]
  }
}