{
  "gradient_flow": {
    "sizes": [
      32,
      64,
      128,
      256,
      512
    ],
    "orders": [
      0.1,
      0.3,
      0.5,
      0.7,
      0.9
    ],
    "spectral_gradients": [
      0.34630170464515686,
      0.30456534028053284,
      0.2517801821231842,
      0.1374882310628891,
      0.08628322929143906,
      0.2848694622516632,
      0.1710430085659027,
      0.1668042540550232,
      0.11775686591863632,
      0.07955633848905563,
      0.21447442471981049,
      0.12560267746448517,
      0.10284355282783508,
      0.07862149178981781,
      0.06684862822294235,
      0.13503792881965637,
      0.09952344745397568,
      0.07012806087732315,
      0.054395031183958054,
      0.04553752765059471,
      0.09858568012714386,
      0.0709809958934784,
      0.051755391061306,
      0.03834664821624756,
      0.030893201008439064
    ],
    "old_gradients": [
      0.30006831884384155,
      0.4137391448020935,
      0.4759276211261749,
      0.36263278126716614,
      0.4167082607746124,
      0.23847927153110504,
      0.24785977602005005,
      0.327795147895813,
      0.3230063319206238,
      0.370784193277359,
      0.18173106014728546,
      0.19330032169818878,
      0.2125108689069748,
      0.2157808542251587,
      0.2562960684299469,
      0.15706554055213928,
      0.16681593656539917,
      0.18564373254776,
      0.21501092612743378,
      0.2606181204319,
      0.11985382437705994,
      0.13182926177978516,
      0.14958864450454712,
      0.17685498297214508,
      0.2058698683977127
    ],
    "gradient_ratios": [
      1.1540761983119439,
      0.7361288969314652,
      0.5290304049330095,
      0.37913900277425827,
      0.20705908044886973,
      1.1945250437185584,
      0.6900797350517519,
      0.5088673677013686,
      0.36456519356275074,
      0.2145623786867981,
      1.1801748393807194,
      0.6497799711921641,
      0.4839449076501313,
      0.3643580523959713,
      0.26082580443957926,
      0.859755286518938,
      0.5966063525049246,
      0.37775614568233007,
      0.25298728843072343,
      0.17472893893613106,
      0.8225493065368817,
      0.5384312627954251,
      0.34598475862071715,
      0.21682537620264403,
      0.15006179024099622
    ]
  },
  "performance": {
    "sizes": [
      32,
      64,
      128,
      256,
      512
    ],
    "spectral_times": [
      0.0009573698043823242,
      0.0010589122772216796,
      0.0008577823638916016,
      0.0008417606353759765,
      0.0009225845336914062
    ],
    "old_times": [
      0.0020828485488891602,
      0.0031173229217529297,
      0.005229306221008301,
      0.005480742454528809,
      0.005756473541259766
    ],
    "speedup_ratios": [
      2.1755945710372306,
      2.94389156572252,
      6.09630885541164,
      6.511046281085369,
      6.239507959479017
    ]
  },
  "accuracy": {
    "orders": [
      0.1,
      0.3,
      0.5,
      0.7,
      0.9
    ],
    "spectral_errors": [
      1.0,
      1.0,
      1.0,
      1.0,
      1.0
    ],
    "old_errors": [
      1.0101360639563621,
      1.0146415178771946,
      1.0107100177758572,
      1.0054657774919016,
      1.0013990814597815
    ],
    "error_ratios": [
      0.9899656449086051,
      0.9855697627002026,
      0.9894034712355722,
      0.994563934830745,
      0.9986028732343732
    ]
  },
  "neural_network": {
    "convergence_spectral": [
      2.303753137588501,
      2.3026840686798096,
      2.3016247749328613,
      2.3005712032318115,
      2.2995216846466064,
      2.298476219177246,
      2.297436237335205,
      2.2963979244232178,
      2.295358657836914,
      2.294326066970825
    ],
    "convergence_old": [
      2.2981438636779785,
      2.297767162322998,
      2.297391414642334,
      2.2970163822174072,
      2.2966420650482178,
      2.2962677478790283,
      2.2958922386169434,
      2.2955167293548584,
      2.2951488494873047,
      2.294778347015381
    ],
    "final_loss_spectral": [
      2.294326066970825
    ],
    "final_loss_old": [
      2.294778347015381
    ]
  }
}